{
 "iou threshold": [
  0.2,
  0.2142857142857143,
  0.2285714285714286,
  0.24285714285714288,
  0.2571428571428572,
  0.27142857142857146,
  0.2857142857142857,
  0.3,
  0.3142857142857143,
  0.32857142857142857,
  0.34285714285714286,
  0.35714285714285715,
  0.37142857142857144,
  0.38571428571428573,
  0.4,
  0.41428571428571426,
  0.4285714285714286,
  0.44285714285714284,
  0.45714285714285713,
  0.4714285714285714,
  0.4857142857142857,
  0.5,
  0.5142857142857142,
  0.5285714285714286,
  0.5428571428571429,
  0.5571428571428572,
  0.5714285714285714,
  0.5857142857142856,
  0.6,
  0.6142857142857143,
  0.6285714285714286,
  0.6428571428571428,
  0.6571428571428571,
  0.6714285714285715,
  0.6857142857142857,
  0.7,
  0.7142857142857142,
  0.7285714285714286,
  0.7428571428571429,
  0.7571428571428571,
  0.7714285714285714,
  0.7857142857142858,
  0.8,
  0.8142857142857143,
  0.8285714285714285,
  0.8428571428571427,
  0.8571428571428572,
  0.8714285714285714,
  0.8857142857142857,
  0.9
 ],
 "AP[IoU:0.95]": [
  0.9466584158415842,
  0.9496287128712871,
  0.9537128712871287,
  0.9576732673267326,
  0.960519801980198,
  0.9633663366336633,
  0.9662128712871287,
  0.968069306930693,
  0.9715346534653465,
  0.9735148514851485,
  0.9751237623762377,
  0.9773514851485149,
  0.9790841584158416,
  0.9803217821782179,
  0.9819306930693069,
  0.9836633663366336,
  0.9850247524752476,
  0.9858910891089109,
  0.9870049504950495,
  0.9887376237623763,
  0.9896039603960396,
  0.9899752475247525,
  0.990470297029703,
  0.9912128712871288,
  0.9922029702970298,
  0.9925742574257426,
  0.9938118811881188,
  0.9939356435643565,
  0.9941831683168317,
  0.9943069306930693,
  0.995049504950495,
  0.9955445544554455,
  0.996039603960396,
  0.9961633663366337,
  0.9969059405940595,
  0.9977722772277228,
  0.9982673267326733,
  0.998391089108911,
  0.998391089108911,
  0.9985148514851485,
  0.9988861386138614,
  0.999009900990099,
  0.999009900990099,
  0.9992574257425743,
  0.9995049504950495,
  0.9995049504950495,
  0.9995049504950495,
  0.9996287128712872,
  0.9996287128712872,
  0.9997524752475248
 ],
 "False Negatives": [
  4537,
  4151,
  3781,
  3411,
  3101,
  2820,
  2592,
  2320,
  2113,
  1901,
  1731,
  1549,
  1377,
  1243,
  1102,
  1003,
  903,
  800,
  703,
  616,
  533,
  482,
  429,
  380,
  320,
  288,
  251,
  228,
  190,
  169,
  144,
  132,
  111,
  91,
  74,
  56,
  49,
  41,
  41,
  35,
  25,
  20,
  20,
  16,
  12,
  12,
  12,
  8,
  8,
  4
 ],
 "number of instances": 72670
}