{
 "iou threshold": [
  0.2,
  0.2142857142857143,
  0.2285714285714286,
  0.24285714285714288,
  0.2571428571428572,
  0.27142857142857146,
  0.2857142857142857,
  0.3,
  0.3142857142857143,
  0.32857142857142857,
  0.34285714285714286,
  0.35714285714285715,
  0.37142857142857144,
  0.38571428571428573,
  0.4,
  0.41428571428571426,
  0.4285714285714286,
  0.44285714285714284,
  0.45714285714285713,
  0.4714285714285714,
  0.4857142857142857,
  0.5,
  0.5142857142857142,
  0.5285714285714286,
  0.5428571428571429,
  0.5571428571428572,
  0.5714285714285714,
  0.5857142857142856,
  0.6,
  0.6142857142857143,
  0.6285714285714286,
  0.6428571428571428,
  0.6571428571428571,
  0.6714285714285715,
  0.6857142857142857,
  0.7,
  0.7142857142857142,
  0.7285714285714286,
  0.7428571428571429,
  0.7571428571428571,
  0.7714285714285714,
  0.7857142857142858,
  0.8,
  0.8142857142857143,
  0.8285714285714285,
  0.8428571428571427,
  0.8571428571428572,
  0.8714285714285714,
  0.8857142857142857,
  0.9
 ],
 "AP[IoU:0.95]": [
  0.9108910891089109,
  0.9207920792079208,
  0.9207920792079208,
  0.9207920792079208,
  0.9207920792079208,
  0.9207920792079208,
  0.9306930693069307,
  0.9306930693069307,
  0.9405940594059405,
  0.9405940594059405,
  0.9504950495049505,
  0.9504950495049505,
  0.9603960396039604,
  0.9603960396039604,
  0.9603960396039604,
  0.9603960396039604,
  0.9702970297029703,
  0.9702970297029703,
  0.9702970297029703,
  0.9801980198019802,
  0.9801980198019802,
  0.9801980198019802,
  0.9801980198019802,
  0.9801980198019802,
  0.9801980198019802,
  0.9801980198019802,
  0.9900990099009901,
  0.9900990099009901,
  0.9900990099009901,
  0.9900990099009901,
  0.9900990099009901,
  0.9900990099009901,
  0.9900990099009901,
  0.9900990099009901,
  0.9900990099009901,
  1.0,
  1.0,
  1.0,
  1.0,
  1.0,
  1.0,
  1.0,
  1.0,
  1.0,
  1.0,
  1.0,
  1.0,
  1.0,
  1.0,
  1.0
 ],
 "False Negatives": [
  56,
  52,
  52,
  52,
  48,
  46,
  44,
  40,
  34,
  34,
  28,
  28,
  26,
  22,
  22,
  22,
  18,
  14,
  14,
  12,
  12,
  10,
  10,
  8,
  8,
  8,
  6,
  4,
  2,
  2,
  2,
  2,
  2,
  2,
  2,
  0,
  0,
  0,
  0,
  0,
  0,
  0,
  0,
  0,
  0,
  0,
  0,
  0,
  0,
  0
 ],
 "number of instances": 325,
 "instances_not_ignored": 650
}