{
 "iou threshold": [
  0.2,
  0.2142857142857143,
  0.2285714285714286,
  0.24285714285714288,
  0.2571428571428572,
  0.27142857142857146,
  0.2857142857142857,
  0.3,
  0.3142857142857143,
  0.32857142857142857,
  0.34285714285714286,
  0.35714285714285715,
  0.37142857142857144,
  0.38571428571428573,
  0.4,
  0.41428571428571426,
  0.4285714285714286,
  0.44285714285714284,
  0.45714285714285713,
  0.4714285714285714,
  0.4857142857142857,
  0.5,
  0.5142857142857142,
  0.5285714285714286,
  0.5428571428571429,
  0.5571428571428572,
  0.5714285714285714,
  0.5857142857142856,
  0.6,
  0.6142857142857143,
  0.6285714285714286,
  0.6428571428571428,
  0.6571428571428571,
  0.6714285714285715,
  0.6857142857142857,
  0.7,
  0.7142857142857142,
  0.7285714285714286,
  0.7428571428571429,
  0.7571428571428571,
  0.7714285714285714,
  0.7857142857142858,
  0.8,
  0.8142857142857143,
  0.8285714285714285,
  0.8428571428571427,
  0.8571428571428572,
  0.8714285714285714,
  0.8857142857142857,
  0.9
 ],
 "AP[IoU:0.95]": [
  0.8413595998775137,
  0.8413659325116186,
  0.8611632867466812,
  0.8611651519874983,
  0.871064502899994,
  0.8809678391726761,
  0.8908673022574564,
  0.9007661118872621,
  0.9106688066066883,
  0.9106699844852008,
  0.9205685805600874,
  0.92056966834834,
  0.9304682143568042,
  0.9304695458442955,
  0.9403716062213956,
  0.9403730713356734,
  0.9502714205846812,
  0.950272313152941,
  0.9502732787729637,
  0.9601715031114342,
  0.9601758597667516,
  0.9601765682467426,
  0.9700746545242762,
  0.9700754444893869,
  0.9799739521335444,
  0.9799745053870463,
  0.9799748988983406,
  0.9799753692867526,
  0.9799757597646825,
  0.9799761488753913,
  0.9898739873987401,
  0.9898741446471688,
  0.9898743801081681,
  0.9898744584856254,
  0.9898746932901726,
  0.9898785285626689,
  0.9898787584702161,
  0.9898790642688009,
  0.9898792168498847,
  0.9898792930610671,
  0.9898792930610671,
  0.9898792930610671,
  0.9898792930610671,
  0.9898792930610671,
  0.9898792930610671,
  0.9898792930610671,
  0.9898792930610671,
  0.9898792930610671,
  0.9898792930610671,
  0.9898792930610671
 ],
 "False Negatives": [
  919,
  869,
  793,
  750,
  697,
  643,
  589,
  551,
  511,
  483,
  451,
  425,
  395,
  363,
  337,
  301,
  278,
  257,
  233,
  213,
  193,
  174,
  158,
  138,
  113,
  99,
  89,
  77,
  68,
  58,
  50,
  46,
  40,
  38,
  32,
  22,
  16,
  8,
  4,
  2,
  2,
  2,
  2,
  2,
  2,
  2,
  2,
  2,
  2,
  2
 ],
 "number of instances": 2884,
 "instances_not_ignored": 5768
}