{
 "iou threshold": [
  0.2,
  0.2142857142857143,
  0.2285714285714286,
  0.24285714285714288,
  0.2571428571428572,
  0.27142857142857146,
  0.2857142857142857,
  0.3,
  0.3142857142857143,
  0.32857142857142857,
  0.34285714285714286,
  0.35714285714285715,
  0.37142857142857144,
  0.38571428571428573,
  0.4,
  0.41428571428571426,
  0.4285714285714286,
  0.44285714285714284,
  0.45714285714285713,
  0.4714285714285714,
  0.4857142857142857,
  0.5,
  0.5142857142857142,
  0.5285714285714286,
  0.5428571428571429,
  0.5571428571428572,
  0.5714285714285714,
  0.5857142857142856,
  0.6,
  0.6142857142857143,
  0.6285714285714286,
  0.6428571428571428,
  0.6571428571428571,
  0.6714285714285715,
  0.6857142857142857,
  0.7,
  0.7142857142857142,
  0.7285714285714286,
  0.7428571428571429,
  0.7571428571428571,
  0.7714285714285714,
  0.7857142857142858,
  0.8,
  0.8142857142857143,
  0.8285714285714285,
  0.8428571428571427,
  0.8571428571428572,
  0.8714285714285714,
  0.8857142857142857,
  0.9
 ],
 "AP[IoU:0.95]": [
  0.9207918717182922,
  0.9306928635010818,
  0.9405938551110157,
  0.9405938564985041,
  0.9504948478644923,
  0.9504948489606975,
  0.9603958399493868,
  0.9603958408591373,
  0.9702967921124706,
  0.9702968324123545,
  0.9702968330088865,
  0.9801977844134673,
  0.9801977849531913,
  0.9801978245231122,
  0.9801978248576203,
  0.9801978251795079,
  0.9900987766978268,
  0.9900987770050159,
  0.9900987772558338,
  0.9900987774770167,
  0.9900987776587452,
  0.9900988165147229,
  0.9900988166347645,
  0.9900988167343081,
  0.9900988168307372,
  0.9900988169180431,
  0.9900988169977534,
  0.9900988170586201,
  0.9900988171224508,
  0.990098817168233,
  0.9900988172087433,
  0.9900988172469873,
  0.9900988172837173,
  0.9900988173121923,
  0.9900988173286736,
  0.9900988173436548,
  0.9900988173631263,
  0.990098817379599,
  0.9900988173893314,
  0.9900988174005608,
  0.9900988174110396,
  0.9900988174177756,
  0.9900988174237625,
  0.9900988174282522,
  0.990098817432742,
  0.990098817434987,
  0.9900988174432179,
  0.9900988174462106,
  0.9900988174499512,
  0.9900988174514476
 ],
 "False Negatives": [
  36992,
  33086,
  29528,
  26219,
  23152,
  20473,
  18276,
  16004,
  14110,
  12337,
  10816,
  9440,
  8284,
  7180,
  6313,
  5479,
  4740,
  4074,
  3532,
  3054,
  2661,
  2282,
  1983,
  1739,
  1507,
  1298,
  1095,
  949,
  791,
  681,
  585,
  498,
  411,
  347,
  308,
  273,
  232,
  196,
  174,
  149,
  125,
  111,
  98,
  87,
  76,
  73,
  56,
  48,
  39,
  35
 ],
 "number of instances": 257253,
 "instances_not_ignored": 514506
}