{
 "iou threshold": [
  0.2,
  0.2142857142857143,
  0.2285714285714286,
  0.24285714285714288,
  0.2571428571428572,
  0.27142857142857146,
  0.2857142857142857,
  0.3,
  0.3142857142857143,
  0.32857142857142857,
  0.34285714285714286,
  0.35714285714285715,
  0.37142857142857144,
  0.38571428571428573,
  0.4,
  0.41428571428571426,
  0.4285714285714286,
  0.44285714285714284,
  0.45714285714285713,
  0.4714285714285714,
  0.4857142857142857,
  0.5,
  0.5142857142857142,
  0.5285714285714286,
  0.5428571428571429,
  0.5571428571428572,
  0.5714285714285714,
  0.5857142857142856,
  0.6,
  0.6142857142857143,
  0.6285714285714286,
  0.6428571428571428,
  0.6571428571428571,
  0.6714285714285715,
  0.6857142857142857,
  0.7,
  0.7142857142857142,
  0.7285714285714286,
  0.7428571428571429,
  0.7571428571428571,
  0.7714285714285714,
  0.7857142857142858,
  0.8,
  0.8142857142857143,
  0.8285714285714285,
  0.8428571428571427,
  0.8571428571428572,
  0.8714285714285714,
  0.8857142857142857,
  0.9
 ],
 "AP[IoU:0.95]": [
  0.9702970297029703,
  0.9801980198019802,
  0.9801980198019802,
  0.9801980198019802,
  0.9801980198019802,
  0.9801980198019802,
  0.9801980198019802,
  0.9801980198019802,
  0.9801980198019802,
  0.9801980198019802,
  0.9801980198019802,
  0.9801980198019802,
  0.9801980198019802,
  0.9801980198019802,
  0.9900990099009901,
  0.9900990099009901,
  0.9900990099009901,
  0.9900990099009901,
  0.9900990099009901,
  0.9900990099009901,
  0.9900990099009901,
  0.9900990099009901,
  0.9900990099009901,
  0.9900990099009901,
  0.9900990099009901,
  0.9900990099009901,
  0.9900990099009901,
  0.9900990099009901,
  0.9900990099009901,
  0.9900990099009901,
  0.9900990099009901,
  0.9900990099009901,
  0.9900990099009901,
  0.9900990099009901,
  0.9900990099009901,
  0.9900990099009901,
  0.9900990099009901,
  0.9900990099009901,
  0.9900990099009901,
  0.9900990099009901,
  0.9900990099009901,
  0.9900990099009901,
  0.9900990099009901,
  0.9900990099009901,
  0.9900990099009901,
  0.9900990099009901,
  0.9900990099009901,
  0.9900990099009901,
  0.9900990099009901,
  0.9900990099009901
 ],
 "False Negatives": [
  108,
  100,
  96,
  90,
  82,
  74,
  72,
  65,
  61,
  57,
  55,
  51,
  51,
  51,
  47,
  41,
  39,
  33,
  25,
  21,
  21,
  21,
  21,
  19,
  17,
  17,
  17,
  12,
  12,
  12,
  12,
  10,
  7,
  4,
  4,
  4,
  4,
  4,
  4,
  4,
  4,
  4,
  4,
  4,
  4,
  4,
  4,
  4,
  2,
  2
 ],
 "number of instances": 2681,
 "instances_not_ignored": 5362
}