{
 "iou threshold": [
  0.2,
  0.2142857142857143,
  0.2285714285714286,
  0.24285714285714288,
  0.2571428571428572,
  0.27142857142857146,
  0.2857142857142857,
  0.3,
  0.3142857142857143,
  0.32857142857142857,
  0.34285714285714286,
  0.35714285714285715,
  0.37142857142857144,
  0.38571428571428573,
  0.4,
  0.41428571428571426,
  0.4285714285714286,
  0.44285714285714284,
  0.45714285714285713,
  0.4714285714285714,
  0.4857142857142857,
  0.5,
  0.5142857142857142,
  0.5285714285714286,
  0.5428571428571429,
  0.5571428571428572,
  0.5714285714285714,
  0.5857142857142856,
  0.6,
  0.6142857142857143,
  0.6285714285714286,
  0.6428571428571428,
  0.6571428571428571,
  0.6714285714285715,
  0.6857142857142857,
  0.7,
  0.7142857142857142,
  0.7285714285714286,
  0.7428571428571429,
  0.7571428571428571,
  0.7714285714285714,
  0.7857142857142858,
  0.8,
  0.8142857142857143,
  0.8285714285714285,
  0.8428571428571427,
  0.8571428571428572,
  0.8714285714285714,
  0.8857142857142857,
  0.9
 ],
 "AP[IoU:0.95]": [
  0.8613861386138614,
  0.8712871287128713,
  0.8811881188118812,
  0.8910891089108911,
  0.900990099009901,
  0.9108910891089109,
  0.9207920792079208,
  0.9306930693069307,
  0.9405940594059405,
  0.9405940594059405,
  0.9504950495049505,
  0.9504950495049505,
  0.9603960396039604,
  0.9603960396039604,
  0.9603960396039604,
  0.9702970297029703,
  0.9702970297029703,
  0.9702970297029703,
  0.9801980198019802,
  0.9801980198019802,
  0.9801980198019802,
  0.9801980198019802,
  0.9900990099009901,
  0.9900990099009901,
  0.9900990099009901,
  0.9900990099009901,
  0.9900990099009901,
  0.9900990099009901,
  0.9900990099009901,
  0.9900990099009901,
  0.9900990099009901,
  0.9900990099009901,
  0.9900990099009901,
  0.9900990099009901,
  0.9900990099009901,
  0.9900990099009901,
  0.9900990099009901,
  0.9900990099009901,
  0.9900990099009901,
  0.9900990099009901,
  0.9900990099009901,
  0.9900990099009901,
  0.9900990099009901,
  0.9900990099009901,
  0.9900990099009901,
  0.9900990099009901,
  0.9900990099009901,
  0.9900990099009901,
  0.9900990099009901,
  0.9900990099009901
 ],
 "False Negatives": [
  2459,
  2265,
  2095,
  1904,
  1687,
  1515,
  1367,
  1225,
  1075,
  957,
  859,
  785,
  707,
  639,
  553,
  479,
  423,
  363,
  309,
  268,
  230,
  197,
  162,
  141,
  127,
  113,
  102,
  84,
  74,
  59,
  49,
  43,
  30,
  25,
  23,
  21,
  18,
  15,
  13,
  13,
  7,
  2,
  2,
  2,
  2,
  2,
  2,
  2,
  2,
  2
 ],
 "number of instances": 9223,
 "instances_not_ignored": 18446
}