{
 "iou threshold": [
  0.2,
  0.2142857142857143,
  0.2285714285714286,
  0.24285714285714288,
  0.2571428571428572,
  0.27142857142857146,
  0.2857142857142857,
  0.3,
  0.3142857142857143,
  0.32857142857142857,
  0.34285714285714286,
  0.35714285714285715,
  0.37142857142857144,
  0.38571428571428573,
  0.4,
  0.41428571428571426,
  0.4285714285714286,
  0.44285714285714284,
  0.45714285714285713,
  0.4714285714285714,
  0.4857142857142857,
  0.5,
  0.5142857142857142,
  0.5285714285714286,
  0.5428571428571429,
  0.5571428571428572,
  0.5714285714285714,
  0.5857142857142856,
  0.6,
  0.6142857142857143,
  0.6285714285714286,
  0.6428571428571428,
  0.6571428571428571,
  0.6714285714285715,
  0.6857142857142857,
  0.7,
  0.7142857142857142,
  0.7285714285714286,
  0.7428571428571429,
  0.7571428571428571,
  0.7714285714285714,
  0.7857142857142858,
  0.8,
  0.8142857142857143,
  0.8285714285714285,
  0.8428571428571427,
  0.8571428571428572,
  0.8714285714285714,
  0.8857142857142857,
  0.9
 ],
 "AP[IoU:0.75]": [
  0.23993291760634597,
  0.23997709773026904,
  0.2397571537536514,
  0.2397571537536514,
  0.2397571537536514,
  0.2397571537536514,
  0.2397571537536514,
  0.2397571537536514,
  0.2397571537536514,
  0.2397571537536514,
  0.2397571537536514,
  0.24869302157200773,
  0.24886918493773996,
  0.2490753983394448,
  0.2490753983394448,
  0.2490753983394448,
  0.2471423370878965,
  0.24755032283350326,
  0.2477438484959497,
  0.2472333470602714,
  0.2472333470602714,
  0.2472333470602714,
  0.25498791661940173,
  0.2545169919498031,
  0.25453621344096794,
  0.254776589083128,
  0.2532115407499502,
  0.26114127497336964,
  0.26114127497336964,
  0.2596365386144541,
  0.26027380569945147,
  0.2582204145095462,
  0.25815697567138324,
  0.25815697567138324,
  0.256485210852502,
  0.255227597761151,
  0.2541952311510304,
  0.25228438357055083,
  0.2504689988439539,
  0.24770961695262692,
  0.2396163953848904,
  0.23587531879533952,
  0.2330835625522579,
  0.2291316350940673,
  0.2267736372536331,
  0.22402370660600399,
  0.21511234142085836,
  0.21054861259241786,
  0.1951930976526694,
  0.18657338982805277
 ],
 "False Negatives": [
  468,
  468,
  468,
  468,
  468,
  468,
  468,
  468,
  468,
  468,
  468,
  466,
  466,
  464,
  464,
  464,
  464,
  464,
  462,
  462,
  462,
  462,
  460,
  460,
  458,
  456,
  456,
  454,
  454,
  454,
  454,
  454,
  454,
  454,
  454,
  454,
  454,
  454,
  454,
  454,
  454,
  454,
  454,
  454,
  454,
  454,
  454,
  454,
  454,
  454
 ],
 "number of instances": [
  311,
  140,
  121,
  50
 ]
}